{
    "data[0][name]": "k6-survey_3_options",
    "data[0][options]": "All of the time| Most of the time| Some of the time| A little of the time| None of the time",
    "data[0][text]": "nervous?",
    "data[0][value]": "2",
    "data[10][name]": "k6-survey_14_options",
    "data[10][options]": "All of the time| Most of the time| Some of the time| A little of the time| None of the time",
    "data[10][text]": "Q6: During the past 30 days, how often have physical health problems been the main cause of these feelings? ",
    "data[10][value]": "2",
    "data[11][name]": "k6-survey_15_2_options",
    "data[11][options]": "ADHD| Alcohol Dependency| Anorexi Nervosa| Anxiety Disorder| Autism/Autism Specturm Disorder| Borderline Personality Disorder| Bulimia| Drug Dependency| Depression| Manic-Depressive (Bilpolar) illness| Obessive Compulsive Disorder| Schizophrenia| Other| None",
    "data[11][text]": "Do you have or have you ever been diagnosed with any of the following psychological disorders (check all that apply)?",
    "data[11][value]": " Anorexi Nervosa",
    "data[12][name]": "k6-survey_16",
    "data[12][text]": "If you responded 'other' to the above question, please describe:",
    "data[12][value]": "",
    "data[13][name]": "k6-survey_17_options",
    "data[13][options]": "Yes| No",
    "data[13][text]": "Have you been diagnosed with any neurological disorder (e.g. Alzheimer's, Parkinson's)?",
    "data[13][value]": " 0",
    "data[14][name]": "k6-survey_18",
    "data[14][text]": "If you responded 'yes' to the above question, please describe:",
    "data[14][value]": "",
    "data[15][name]": "k6-survey_19_2_options",
    "data[15][options]": "Type II diabetes| Metabolic Syndrome| High Blood Pressure| Heart Disease| Stroke| Cancer| Sleep Apnea| Other| None",
    "data[15][text]": "Do you have or have you ever been diagnosed with any of the following medical conditions (check all that apply)?",
    "data[15][value]": " High Blood Pressure",
    "data[16][name]": "k6-survey_20",
    "data[16][text]": "If you responded 'other' to the above question, please describe:",
    "data[16][value]": "",
    "data[1][name]": "k6-survey_4_options",
    "data[1][options]": "All of the time| Most of the time| Some of the time| A little of the time| None of the time",
    "data[1][text]": "hopeless?",
    "data[1][value]": "3",
    "data[2][name]": "k6-survey_5_options",
    "data[2][options]": "All of the time| Most of the time| Some of the time| A little of the time| None of the time",
    "data[2][text]": "restless or fidgety?",
    "data[2][value]": "4",
    "data[3][name]": "k6-survey_6_options",
    "data[3][options]": "All of the time| Most of the time| Some of the time| A little of the time| None of the time",
    "data[3][text]": "so depressed that nothing could cheer you up?",
    "data[3][value]": "3",
    "data[4][name]": "k6-survey_7_options",
    "data[4][options]": "All of the time| Most of the time| Some of the time| A little of the time| None of the time",
    "data[4][text]": "that everything was an effort?",
    "data[4][value]": "2",
    "data[5][name]": "k6-survey_8_options",
    "data[5][options]": "All of the time| Most of the time| Some of the time| A little of the time| None of the time",
    "data[5][text]": "worthless?",
    "data[5][value]": "3",
    "data[6][name]": "k6-survey_9_options",
    "data[6][options]": "A lot| Some<br><strong>More often than usual<br></strong>| A little| About the same as usual| A little | Some<br><strong>Less often than usual<br></strong>| A lot",
    "data[6][text]": "Q2: The last six questions asked about feelings that might have occurred during the past 30 days. Taking them altogether, did these feelings occur more often in the past 30 days than is usual for you, about the same as usual, or less often than usual? (If you never have any of these feelings, select 'about the same as usual')",
    "data[6][value]": "2",
    "data[7][name]": "k6-survey_11",
    "data[7][text]": "Q3: During the past 30 days, how many days out of 30 were you totally unable to work or carry out your normal activities because of these feelings?<br><br><strong>(Number of Days)</strong>",
    "data[7][value]": "7",
    "data[8][name]": "k6-survey_12",
    "data[8][text]": "Q4: Not counting the days you reported in response to Q3, how many days in the past 30 were you able to do only half or less of what you would normally have been able to do, because of these feelings?<br><br><strong>(Number of Days)</strong>",
    "data[8][value]": "8",
    "data[9][name]": "k6-survey_13",
    "data[9][text]": "Q5: During the past 30 days, how many times did you see a doctor or other health professional about these feelings?<br><br><strong>(Number of Times)</strong>",
    "data[9][value]": "9"
}